{"flutter":{"platforms":{"android":{"default":{"projectId":"agrotech-cf790","appId":"1:1042547238796:android:519e5451a51ae89fc298a9","fileOutput":"android/app/google-services.json"}},"dart":{"lib/firebase_options.dart":{"projectId":"agrotech-cf790","configurations":{"android":"1:1042547238796:android:519e5451a51ae89fc298a9","ios":"1:1042547238796:ios:96a152e007eb24a2c298a9","macos":"1:1042547238796:ios:278f7ae1eeace973c298a9","web":"1:1042547238796:web:8a3ff8a4a6091470c298a9","windows":"1:1042547238796:web:1819b97cfa4678d9c298a9"}}}}}}